ID,CPF,Nome Completo,Apelido,Senha Temporária,Status
1,661.625.851-40,Marzia Almeida Samha Santos,Marzia,123456,Primeiro Acesso
2,668.516.616-97,FALECEU/Madney Raquele Verbinnen,FALECEU/Madney,123456,Primeiro Acesso
3,365.383.399-59,JACIRLENE PALAGANO CANTO,JACIRLENE,123456,Primeiro Acesso
4,853.229.155-98,Laboratório Carlos chagas,Laboratório,123456,Primeiro Acesso
5,784.812.177-79,Vanderléia B. Nogueira,Vanderléia,123456,Primeiro Acesso
6,527.837.785-28,Paulo Sérgio Penha da Silva,Paulo,123456,Primeiro Acesso
7,591.770.633-67,Alaíde Rodrigues Fraga,Alaíde,123456,Primeiro Acesso
8,458.689.433-81,Walter Pereira Dias,Walter,123456,Primeiro Acesso
9,926.568.956-46,Elenilde Aparecida Neco da Silva,Elenilde,123456,Primeiro Acesso
10,353.961.235-28,Iza Maria Ribeiro Coelho,Iza,123456,Primeiro Acesso
11,556.111.715-63,Luzia Aparecida Miranda,Luzia,123456,Primeiro Acesso
12,160.650.547-16,Tânia Rossana Antunes Quintana,Tânia,123456,Primeiro Acesso
13,534.144.533-75,Gervásio Tadeu Teixeira Viana,Gervásio,123456,Primeiro Acesso
14,682.714.650-64,LUCIANE SILVA CASTRO MARAN,LUCIANE,123456,Primeiro Acesso
15,499.119.783-16,Maria Ivoneide Alencar Azevedo Santos,Maria,123456,Primeiro Acesso
16,927.999.325-11,Maria Diva Batista da Cruz,Maria,123456,Primeiro Acesso
17,449.181.945-31,Helvio Ramão Meza Soares da Silva,Helvio,123456,Primeiro Acesso
18,261.718.959-76,Janaína Wolf Oliveira,Janaína,123456,Primeiro Acesso
19,504.671.350-32,COLETADOR NÃO IDENTIFICADO / NÃO CADASTRADO,COLETADOR,123456,Primeiro Acesso
20,781.334.549-28,Helena Ciufa Menossi,Helena,123456,Primeiro Acesso
21,856.339.479-91,Raquel Marjane do Amaral,Raquel,123456,Primeiro Acesso
22,608.805.637-30,CRISTIANE TOLENTINO DE BARROS,CRISTIANE,123456,Primeiro Acesso
23,534.390.958-85,Madalena de Moraes Savassa,Madalena,123456,Primeiro Acesso
24,327.194.749-67,Maria Euzenete Guedes de Oliveira Taques,Maria,123456,Primeiro Acesso
25,280.952.899-30,Alcides Franco Martins Trindade,Alcides,123456,Primeiro Acesso
26,477.504.519-47,DR. VINÍCIUS GONSALES FREDERICE,VINÍCIUS,123456,Primeiro Acesso
27,807.255.597-19,Emerson Leandro Bortolazzi,Emerson,123456,Primeiro Acesso
28,739.879.931-84,Elieni de Souza Prates Pinto,Elieni,123456,Primeiro Acesso
29,346.471.780-50,Arlétima Moraes de Oliveira,Arlétima,123456,Primeiro Acesso
30,790.206.371-38,Ceila Consuelo Carvalho Martins,Ceila,123456,Primeiro Acesso
31,967.839.267-34,Leonor Alves da Conceição,Leonor,123456,Primeiro Acesso
32,318.190.466-39,Erivelton José Schaedler,Erivelton,123456,Primeiro Acesso
33,998.426.777-27,Patrícia Elaine dos Santos Martins,Patrícia,123456,Primeiro Acesso
34,779.783.757-62,Gerson Nunes dos Santos,Gerson,123456,Primeiro Acesso
35,592.168.214-21,Rubens Martins Pereira,Rubens,123456,Primeiro Acesso
36,559.917.651-16,Ademar Souza de Oliveira,Ademar,123456,Primeiro Acesso
37,173.923.367-44,EVERTON CARLOS DOS SANTOS,EVERTON,123456,Primeiro Acesso
38,865.307.412-97,Paulo Roberto Dias Moleiro,Paulo,123456,Primeiro Acesso
39,329.470.395-14,Maria Gomes Dias,Maria,123456,Primeiro Acesso
40,811.695.813-55,Lucimar Francisca R. Costa/ Aurino Santana Costa,Lucimar,123456,Primeiro Acesso
41,443.811.518-51,Rodolfo Barbosa Falcão,Rodolfo,123456,Primeiro Acesso
42,494.578.136-62,CIRSO PARRON PARRON,CIRSO,123456,Primeiro Acesso
43,561.803.290-52,Elza da Silva Hoff,Elza,123456,Primeiro Acesso
44,589.870.882-39,Kátia Flávia Beé,Kátia,123456,Primeiro Acesso
45,647.193.637-55,Anderson dos Santos,Anderson,123456,Primeiro Acesso
46,501.144.461-50,Cleidiany Eliza de Souza,Cleidiany,123456,Primeiro Acesso
47,752.145.166-48,Maria Shirley Gomes Ribeiro,Maria,123456,Primeiro Acesso
48,350.444.743-73,Luciana Cristina Alves,Luciana,123456,Primeiro Acesso
49,344.886.932-54,Lucilene Soares Paniago Mascarenhas,Lucilene,123456,Primeiro Acesso
50,613.884.135-52,VLADIR LIMA DE CARVALHO,VLADIR,123456,Primeiro Acesso
51,533.846.927-61,DJANIRA DOS SANTOS BATISTA,DJANIRA,123456,Primeiro Acesso
52,993.492.804-97,EDERSON DE MELO,EDERSON,123456,Primeiro Acesso
53,606.604.387-16,BRUNO BOIKO  PEREIRA DE FIGUEIREDO,BRUNO,123456,Primeiro Acesso
54,801.502.820-46,André Luis Soares Paniago,André,123456,Primeiro Acesso
55,300.270.163-96,Alessandro de Freitas Porto,Alessandro,123456,Primeiro Acesso
56,495.208.950-50,Cristiane Pereira Nunes Pereira,Cristiane,123456,Primeiro Acesso
57,690.758.726-12,Alcrécia da Silva Marques Francisqueti,Alcrécia,123456,Primeiro Acesso
58,974.589.750-73,Guiomar Correia Teodósio de Lima,Guiomar,123456,Primeiro Acesso
59,988.459.464-53,Keila de Sales Mendes,Keila,123456,Primeiro Acesso
60,542.416.809-33,OSVALDINA GOMES MESQUITA,OSVALDINA,123456,Primeiro Acesso
61,920.591.325-18,ROSA PEREZ QUIRINO,ROSA,123456,Primeiro Acesso
62,283.196.827-11,ANA KELY DA SILVA ARAÚJO TOSCANO,ANA,123456,Primeiro Acesso
63,579.274.657-51,VERLAN RODRIGUES PESSOA,VERLAN,123456,Primeiro Acesso
64,409.720.275-64,ADELSULINA SOLART BATALHA,ADELSULINA,123456,Primeiro Acesso
65,393.186.397-75,LENY TEIXEIRA STEPHAN,LENY,123456,Primeiro Acesso
66,457.314.228-40,Anay Aparecida Barbosa Casagrande,Anay,123456,Primeiro Acesso
67,302.841.505-87,TREINAMENTO INTERNO DE NOVOS CONVENIADOS,TREINAMENTO,123456,Primeiro Acesso
68,601.281.423-83,VIVIANE VIEIRA PINHEIRO,VIVIANE,123456,Primeiro Acesso
69,880.411.613-54,JOSEFA MARIA SANTANA,JOSEFA,123456,Primeiro Acesso
70,409.137.390-38,ALEXANDRE JARDIM PIRES,ALEXANDRE,123456,Primeiro Acesso
71,885.412.785-92,JACSON DA SILVA MOREIRA,JACSON,123456,Primeiro Acesso
72,824.460.493-29,AUZELANE MARIA/ ISABELE CRISTINE,AUZELANE,123456,Primeiro Acesso
73,225.641.120-73,CLEMENSILVA BERTOLA DE ALMEIDA,CLEMENSILVA,123456,Primeiro Acesso
74,797.625.101-65,JORGE LUIS CARREIRO,JORGE,123456,Primeiro Acesso
75,981.829.246-76,LUCIMAR FURTADO DA SILVA,LUCIMAR,123456,Primeiro Acesso
76,815.313.886-87,MADALENA DE ASSIS CAVALCANTE CHAVES,MADALENA,123456,Primeiro Acesso
77,828.893.612-76,PATRÍCIA PAIXÃO,PATRÍCIA,123456,Primeiro Acesso
78,837.939.135-53,FERNANDO CÉSAR JORGE,FERNANDO,123456,Primeiro Acesso
79,502.320.933-52,SARAH MENDONÇA DE OLIVEIRA,SARAH,123456,Primeiro Acesso
80,148.690.585-99,JULIANA LUIZA HAUPENTHAL,JULIANA,123456,Primeiro Acesso
81,459.762.401-39,ENEDINA MENDES LIMA,ENEDINA,123456,Primeiro Acesso
82,744.907.889-82,VANESSA APARECIDA DE OLIVEIRA,VANESSA,123456,Primeiro Acesso
83,588.542.217-91,ROSÂNGELA DE FÁTIMA RODRIGUES COSTA,ROSÂNGELA,123456,Primeiro Acesso
84,221.125.335-70,LUCIENE RIBEIRO DE SOUSA,LUCIENE,123456,Primeiro Acesso
85,663.617.203-46,CARLOS HENRIQUE OLIVEIRA DE ALBUQUERQUE E MELO,CARLOS,123456,Primeiro Acesso
86,556.915.631-71,CENIRA ARAÚJO DOS SANTOS REIS,CENIRA,123456,Primeiro Acesso
87,409.470.125-80,JÚLIO CÉZAR DE SOUZA VIEIRA,JÚLIO,123456,Primeiro Acesso
88,476.167.112-74,EZELTO BARBOSA DE SANTANA,EZELTO,123456,Primeiro Acesso
89,891.898.479-46,KENNYSON JÚLIO DA SILVA MARCELINO,KENNYSON,123456,Primeiro Acesso
90,221.560.288-26,MARIA FIRMINA DE SOUZA FREITAS,MARIA,123456,Primeiro Acesso
91,378.566.623-74,ROGÉRIO YASUTAKA SATO,ROGÉRIO,123456,Primeiro Acesso
92,590.716.862-20,JOELSA MARIA DE ARAUJO BRAGA,JOELSA,123456,Primeiro Acesso
93,811.210.618-64,VANESSA ROSALIA REMUALDO - GENOLAB,VANESSA,123456,Primeiro Acesso
94,344.321.266-43,FRANCISCO JOSÉ ARAÚJO ABRUNHOSA,FRANCISCO,123456,Primeiro Acesso
95,906.443.323-40,DAANK CAVALCANTE DE SOUZA,DAANK,123456,Primeiro Acesso
96,248.281.496-55,RAIMUNDO NONATO MESQUITA FILHO,RAIMUNDO,123456,Primeiro Acesso
97,839.655.245-86,RAQUEL ALMEIDA GONZALEZ/ ELDER GONZALEZ,RAQUEL,123456,Primeiro Acesso
98,397.966.447-98,PAULO MAURICIO MONTEIRO - MASTER LAB,PAULO,123456,Primeiro Acesso
99,471.958.510-45,KAROLINE DI PAULA PISTORI,KAROLINE,123456,Primeiro Acesso
100,707.737.158-71,SIMONY PORTELA - LAB. BIOGENESYS,SIMONY,123456,Primeiro Acesso
101,622.192.286-20,SOLANGE PAIM DOS SANTOS,SOLANGE,123456,Primeiro Acesso
102,103.642.944-74,DR. PEDRO PAULO DE B. DAMASCENO,PEDRO,123456,Primeiro Acesso
103,816.266.244-14,RUBILENE DA SILVA ROGÉRIO,RUBILENE,123456,Primeiro Acesso
104,859.372.843-42,ESPECIAL - SEM COLETADOR - SEM CORREIO - PE,ESPECIAL,123456,Primeiro Acesso
105,785.631.106-37,DAIANE DIAS PESTANA,DAIANE,123456,Primeiro Acesso
106,155.758.566-96,EVELYN SCHNEIDER NÓBREGA DE ARAÚJO SARMENTO,EVELYN,123456,Primeiro Acesso
107,789.835.728-84,VERONICA MARQUES DE CARVALHO,VERONICA,123456,Primeiro Acesso
108,820.629.920-20,JOSÉ GENILDO SILVA CALADO,JOSÉ,123456,Primeiro Acesso
109,403.608.990-95,DR. DONEVIR JOSÉ CIVIDINI - 455,DONEVIR,123456,Primeiro Acesso
110,305.385.398-76,MARIA DA GLÓRIA FAUSTO DA SILVA,MARIA,123456,Primeiro Acesso
111,894.266.829-17,COMARCA DE SERRA TALHADA,COMARCA,123456,Primeiro Acesso
112,144.976.737-92,ESPECIAL - SEM COLETADOR -  SEM CORREIO - MT,ESPECIAL,123456,Primeiro Acesso
113,260.751.633-54,COMARCA DE JUREMA,COMARCA,123456,Primeiro Acesso
114,695.400.339-83,FORUM DA COMARCA DE PASSIRA,FORUM,123456,Primeiro Acesso
115,689.625.857-15,FÓRUM DO ESTADO DE PARAÍBA,FÓRUM,123456,Primeiro Acesso
116,984.689.316-14,FORUM DE ALTINHO,FORUM,123456,Primeiro Acesso
117,121.266.146-89,FÓRUM DE SALOÁ,FÓRUM,123456,Primeiro Acesso
118,348.146.247-30,FÓRUM DE SÃO JOÃO,FÓRUM,123456,Primeiro Acesso
119,746.966.360-91,COMARCAS DE RORAIMA,COMARCAS,123456,Primeiro Acesso
120,836.512.476-53,PROMOTORIA DE TACARATÚ,PROMOTORIA,123456,Primeiro Acesso
121,205.951.474-23,NELSON RICARDO KLEIM,NELSON,123456,Primeiro Acesso
122,358.171.712-44,COMARCAS DE SERGIPE,COMARCAS,123456,Primeiro Acesso
123,100.332.204-64,SARA DE FIGUEIREDO COSTA,SARA,123456,Primeiro Acesso
124,667.696.798-95,FORUM DA COMARCA DE SALGUEIRO,FORUM,123456,Primeiro Acesso
125,446.730.628-32,FÓRUM DE ESPERANÇA,FÓRUM,123456,Primeiro Acesso
126,670.703.798-92,FÓRUM DE TAQUARITINGA DO NORTE,FÓRUM,123456,Primeiro Acesso
127,431.376.450-61,JOCIMAR DE SOUZA ALENCAR,JOCIMAR,123456,Primeiro Acesso
128,586.555.532-95,SANDRO JOSÉ DO NASCIMENTO COSTA,SANDRO,123456,Primeiro Acesso
129,516.897.461-77,FÓRUM DE ARARA,FÓRUM,123456,Primeiro Acesso
130,144.928.940-62,FLÁVIA VECCHI LAGHI - CELULA LAB.,FLÁVIA,123456,Primeiro Acesso
131,238.348.390-58,FÓRUM DA COMARCA DE ITAÍBA,FÓRUM,123456,Primeiro Acesso
132,358.578.305-96,MINISTÉRIO PÚBLICO DE LAGOA DOS GATOS,MINISTÉRIO,123456,Primeiro Acesso
133,505.336.619-88,LABORATÓRIO RENATO ARRUDA,LABORATÓRIO,123456,Primeiro Acesso
134,146.438.895-52,LABORATÓRIO RENATO ARRUDA,LABORATÓRIO,123456,Primeiro Acesso
135,425.878.906-30,LABORATÓRIO PRÓ- LAB,LABORATÓRIO,123456,Primeiro Acesso
136,173.650.445-25,THAÍS RODRIGUES LIMA,THAÍS,123456,Primeiro Acesso
137,371.377.815-72,CANCELAO/ KAROLINE HIROMI KOGA,CANCELAO/,123456,Primeiro Acesso
138,316.334.261-98,FÓRUM DA COMARCA DE POMBAL,FÓRUM,123456,Primeiro Acesso
139,962.681.684-56,COMARCA DE ABREU E LIMA,COMARCA,123456,Primeiro Acesso
140,483.517.136-22,GLEIZ MARIA FERREIRA LOPES,GLEIZ,123456,Primeiro Acesso
141,260.367.876-79,ILDENES ROCUIO RIBAS REIS,ILDENES,123456,Primeiro Acesso
142,623.765.295-97,SILVANA ÂNGELA SANTANA,SILVANA,123456,Primeiro Acesso
143,960.954.701-54,GISELI APARECIDA SCHULZ SILVA,GISELI,123456,Primeiro Acesso
144,447.512.831-20,ELIANE APARECIDA CAVIQUIOLI MEIRA,ELIANE,123456,Primeiro Acesso
145,768.971.559-32,FERNANDA GLÓRIA AMARAL,FERNANDA,123456,Primeiro Acesso
146,147.569.999-56,ERIMAR SILVA DA COSTA,ERIMAR,123456,Primeiro Acesso
147,829.776.735-98,LICILANE ALMEIDA,LICILANE,123456,Primeiro Acesso
148,857.364.356-36,MÉTHODOS LABORATÓRIO,MÉTHODOS,123456,Primeiro Acesso
149,923.239.183-62,ELISANGELA MOREIRA DA CRUZ,ELISANGELA,123456,Primeiro Acesso
150,284.926.762-16,LABORATÓRIO BIOTERENOS,LABORATÓRIO,123456,Primeiro Acesso
151,998.480.338-49,MARIA CLEMILDA BARBOSA DA SILVA,MARIA,123456,Primeiro Acesso
152,363.252.764-70,ADRIANA DA SILVA GONDIM,ADRIANA,123456,Primeiro Acesso
153,465.947.226-53,CIRLENE DIAS RAMOS,CIRLENE,123456,Primeiro Acesso
154,772.253.440-27,FÓRUM DE GLÓRIA DO GOITÁ,FÓRUM,123456,Primeiro Acesso
155,771.775.598-43,MIRIAN MARTINS DOS SANTOS,MIRIAN,123456,Primeiro Acesso
156,344.303.237-10,WANDERLEI JOAQUIM DE BARROS,WANDERLEI,123456,Primeiro Acesso
157,628.657.470-49,PAULO VICTOR MAIA,PAULO,123456,Primeiro Acesso
158,369.357.603-70,FORUM DE SANTA MARIA DO CAMBUCÁ,FORUM,123456,Primeiro Acesso
159,399.293.881-30,ELIZABETE FRANCIS MARTINEZ TAPIA,ELIZABETE,123456,Primeiro Acesso
160,966.444.734-21,FORUM DE SERRITA,FORUM,123456,Primeiro Acesso
161,308.704.100-19,ADALBERTO DAMASO DE SOUSA NETO,ADALBERTO,123456,Primeiro Acesso
162,755.530.591-31,ROSANGELA PETROSKI DA SILVA,ROSANGELA,123456,Primeiro Acesso
163,999.448.604-88,TATIANE LUIZ VILAS BÕAS,TATIANE,123456,Primeiro Acesso
164,254.167.347-97,ROSINEIDE SANTANA,ROSINEIDE,123456,Primeiro Acesso
165,633.739.725-29,UNIVERSIDADE CATÓLICA DOM BOSCO,UNIVERSIDADE,123456,Primeiro Acesso
166,446.197.130-12,HOSPITAL MUNICIPAL DE GOIATINS,HOSPITAL,123456,Primeiro Acesso
167,175.674.554-21,SHARLENE ANDRADE TOURINHO,SHARLENE,123456,Primeiro Acesso
168,763.574.412-46,ADALBERTO VINHALES REIS,ADALBERTO,123456,Primeiro Acesso
169,300.853.217-52,ODANIL JARA GOMES CORBELINO,ODANIL,123456,Primeiro Acesso
170,353.183.443-48,JOANA APARECIDA MARCONDES DE ASSIS,JOANA,123456,Primeiro Acesso
171,960.960.737-22,FRANCIELE SILVA PONTES GESTAL,FRANCIELE,123456,Primeiro Acesso
172,649.741.828-66,FERNANDO GONZALES ANTUNES,FERNANDO,123456,Primeiro Acesso
173,648.620.128-17,ELIZENI FERREIRA MOTA,ELIZENI,123456,Primeiro Acesso
174,598.893.128-28,LUCÉLIA PIMENTEL MACIEL,LUCÉLIA,123456,Primeiro Acesso
175,159.532.209-24,JAQUELINE APARECIDA CARLOS,JAQUELINE,123456,Primeiro Acesso
176,208.517.250-48,ELDA BATISTA REIS/ BATISTA REIS,ELDA,123456,Primeiro Acesso
177,994.946.579-25,ELDA BATISTA REIS,ELDA,123456,Primeiro Acesso
178,641.430.476-71,ADRIANA APARECIDA DE FREITAS,ADRIANA,123456,Primeiro Acesso
179,824.346.754-56,APOSENTADO/ IVAN LEAL DE PAULA,APOSENTADO/,123456,Primeiro Acesso
180,448.262.957-87,LUCIANA ALVES DE ALMEIDA,LUCIANA,123456,Primeiro Acesso
181,898.600.924-82,CARLA ALMEIDA DA SILVA,CARLA,123456,Primeiro Acesso
182,976.113.807-44,NOEMI CORREA DE OLIVEIRA FEITOSA,NOEMI,123456,Primeiro Acesso
183,201.440.696-22,FÓRUM DE VERDEJANTE,FÓRUM,123456,Primeiro Acesso
184,371.105.840-93,EVA VILMA CARDOSO HERCULANO,EVA,123456,Primeiro Acesso
185,704.436.982-66,SANDRA COLLA DE BORTOLLI,SANDRA,123456,Primeiro Acesso
186,554.132.758-70,JESSÉ DO NASCIMENTO DA SILVA,JESSÉ,123456,Primeiro Acesso
187,504.824.953-26,GABRIELLA MELO FERNANDES,GABRIELLA,123456,Primeiro Acesso
188,103.297.598-94,LEONARDO CAVANO BERTI,LEONARDO,123456,Primeiro Acesso
189,291.333.246-24,LABORMED,LABORMED,123456,Primeiro Acesso
190,587.275.507-62,LABORATÓRIO MARACAJÚ,LABORATÓRIO,123456,Primeiro Acesso
191,284.165.526-62,DAMARIS DE OLIVEIRA,DAMARIS,123456,Primeiro Acesso
192,912.801.431-58,MARTA SILVA DE OLIVEIRA MENDONÇA,MARTA,123456,Primeiro Acesso
193,908.903.361-81,FÓRUM DE MANAUS SÉTIMA VARA DE FAMILIA,FÓRUM,123456,Primeiro Acesso
194,270.327.532-74,ANA CAROLINA FERREIRA HAUACHE,ANA,123456,Primeiro Acesso
195,822.289.173-36,MARIA APARECIDA PEREIRA DE BRITO,MARIA,123456,Primeiro Acesso
196,867.284.693-55,PAULICÉIA DE MORAES BERLOFA,PAULICÉIA,123456,Primeiro Acesso
197,125.258.247-50,PAULICÉIA DE MORAES BERLOFA,PAULICÉIA,123456,Primeiro Acesso
198,146.778.686-51,JOSE MARIA LIMA DA SILVA,JOSE,123456,Primeiro Acesso
199,980.488.789-15,SÔNIA DE MACEDO PLAKITKEN,SÔNIA,123456,Primeiro Acesso
200,455.216.945-70,SILVANA RIBEIRO DA SILVA,SILVANA,123456,Primeiro Acesso
201,629.887.288-59,FERNANDA PANTA DA SILVA,FERNANDA,123456,Primeiro Acesso
202,976.258.788-40,FÓRUM DE MANAUS SEGUNDA VARA,FÓRUM,123456,Primeiro Acesso
203,652.427.469-98,PATRÍCIA SILVA DOS SANTOS,PATRÍCIA,123456,Primeiro Acesso
204,622.281.908-47,LABORATÓRIO CELULA,LABORATÓRIO,123456,Primeiro Acesso
205,578.867.253-83,VANDA HELENA BEVILÁQUA,VANDA,123456,Primeiro Acesso
206,538.534.972-22,GEOVANA FERREIRA,GEOVANA,123456,Primeiro Acesso
207,232.145.554-38,FRANCILENE RAMALHO ANDRADE,FRANCILENE,123456,Primeiro Acesso
208,116.156.372-33,LAYANE PINHEIRO ÁVILA,LAYANE,123456,Primeiro Acesso
209,483.715.548-29,OLENTINA MARIA BARCELLOS DE MENEZES,OLENTINA,123456,Primeiro Acesso
210,926.475.750-72,EDIVANA DE ANDRADE FARIAS,EDIVANA,123456,Primeiro Acesso
211,398.381.846-17,CHARLINGTON PEREIRA PINTO,CHARLINGTON,123456,Primeiro Acesso
212,429.905.778-80,CRISTIANE DIAS DA SILVA,CRISTIANE,123456,Primeiro Acesso
213,273.981.811-47,ANTONIO ANGELO VILAS BOAS GOMES,ANTONIO,123456,Primeiro Acesso
214,553.797.217-49,LABORATÓRIO HIGIA - HOSPITAL CASSEMS,LABORATÓRIO,123456,Primeiro Acesso
215,570.265.645-18,DR. CARLOS ALONSO MARTINEZ,CARLOS,123456,Primeiro Acesso
216,367.846.763-85,JULCELIA PINHEIRO DE OLIVEIRA,JULCELIA,123456,Primeiro Acesso
217,189.696.873-16,MEIRE DOS SANTOS DE OLIVEIRA,MEIRE,123456,Primeiro Acesso
218,882.625.784-99,MARIA JOSÉ ROSA FERREIRA,MARIA,123456,Primeiro Acesso
219,572.368.684-98,ROSÂNGELA BASTOS DE MOURA,ROSÂNGELA,123456,Primeiro Acesso
220,302.180.589-46,ADRIANA RIOS,ADRIANA,123456,Primeiro Acesso
221,341.219.918-30,QUELVES CARVALHO NASCIMENTO,QUELVES,123456,Primeiro Acesso
222,661.167.889-44,IZAIAS SOUSA DA COSTA,IZAIAS,123456,Primeiro Acesso
223,652.444.166-36,IVANI CORREA ANDRADE,IVANI,123456,Primeiro Acesso
224,417.441.667-88,CANVELADO/ JOSÉ PEDRO BALTHA,CANVELADO/,123456,Primeiro Acesso
225,361.930.124-34,KARILA ESCUDERO ARTIGAS LOPES,KARILA,123456,Primeiro Acesso
226,418.511.538-22,NEURACY PEREIRA DA SILVA,NEURACY,123456,Primeiro Acesso
227,101.222.164-75,THAIS MARA BORGES MARINHO,THAIS,123456,Primeiro Acesso
228,984.170.722-85,TÂNIA MARIA RODRIGUES VENÂNCIO,TÂNIA,123456,Primeiro Acesso
229,553.502.906-87,ADRIANA AYALA,ADRIANA,123456,Primeiro Acesso
230,381.530.374-39,ALINE FELIZ DA SILVA,ALINE,123456,Primeiro Acesso
231,452.778.991-33,UELTON GONÇALVES BARCELOS,UELTON,123456,Primeiro Acesso
232,861.420.524-10,RITA SAULA MONTEIRO,RITA,123456,Primeiro Acesso
233,599.687.595-47,RAIMUNDA GOMES DE BRITO DUARTE,RAIMUNDA,123456,Primeiro Acesso
234,923.668.335-25,EUNICE SOLER SOBREIRA,EUNICE,123456,Primeiro Acesso
235,692.745.224-79,CELIANE FERREIRA DA SILVA,CELIANE,123456,Primeiro Acesso
236,969.679.925-50,THAIS APARECIDA SANTOS DA SILVA,THAIS,123456,Primeiro Acesso
237,123.874.689-83,RAFAEL DA SILVA FERREIRA,RAFAEL,123456,Primeiro Acesso
238,763.313.758-21,LACERJANIO CASTRO CHAVES,LACERJANIO,123456,Primeiro Acesso
239,575.560.854-83,ANTONIA MOTA DA SILVA,ANTONIA,123456,Primeiro Acesso
240,214.839.183-20,PATRICIA MARQUES DE ARAUJO AMORIM,PATRICIA,123456,Primeiro Acesso
241,869.307.367-77,DIÉSSICA HELEN RAMIRES DE ABREU,DIÉSSICA,123456,Primeiro Acesso
242,438.274.692-52,FÓRUM DE JUTAÍ,FÓRUM,123456,Primeiro Acesso
243,995.709.594-18,HERMERSON STÊNIO NEGREIRO DE ALMEIDA,HERMERSON,123456,Primeiro Acesso
244,745.993.314-77,LUIZ CARLOS DE SOUZA MARQUES,LUIZ,123456,Primeiro Acesso
245,322.384.889-79,LABORATÓRIO NOVA LAB,LABORATÓRIO,123456,Primeiro Acesso
246,964.107.392-36,TK ANÁLISES CLINICAS,ANÁLISES,123456,Primeiro Acesso
247,293.497.502-33,DANIELA KING IRALA,DANIELA,123456,Primeiro Acesso
248,413.158.540-55,MARIELLY CRISTINA DA SILVA MARTINS,MARIELLY,123456,Primeiro Acesso
249,358.848.858-70,ALEXANDER JHONY CUNHA PEREIRA,ALEXANDER,123456,Primeiro Acesso
250,802.469.224-26,WESLEY TRISTÃO PACHECO,WESLEY,123456,Primeiro Acesso
251,936.835.706-85,CRISLEYNE DE LIMA SIQUEIRA,CRISLEYNE,123456,Primeiro Acesso
252,567.291.592-96,IRIS GESSNER,IRIS,123456,Primeiro Acesso
253,367.204.216-82,RAIANE CAROLINE FERNANDES RODRIGUES,RAIANE,123456,Primeiro Acesso
254,707.992.830-82,EDUARDO CARVALHO DE ALMEIDA,EDUARDO,123456,Primeiro Acesso
255,769.606.465-41,ANDRÉA RECHE ZANUTTO,ANDRÉA,123456,Primeiro Acesso
256,188.195.925-48,RUAN ALVES GURGEL,RUAN,123456,Primeiro Acesso
257,690.593.658-69,MARCIO GUIMARÃES DOS SANTOS,MARCIO,123456,Primeiro Acesso
258,439.786.335-13,PÉRSIA AUGUSTA DO PRADO DE ASSIS,PÉRSIA,123456,Primeiro Acesso
259,161.538.233-84,GENCIANA TELES RODRIGUES,GENCIANA,123456,Primeiro Acesso
260,633.586.890-83,JANDERSON MACIEL ABDORAL,JANDERSON,123456,Primeiro Acesso
261,256.203.801-98,LETÍCIA AMÁBILE ROSSI,LETÍCIA,123456,Primeiro Acesso
262,869.500.115-53,KCHNER DA SILVA ALBUQUERQUE,KCHNER,123456,Primeiro Acesso
263,261.293.831-48,LUCINEIA MELO DE MOURA,LUCINEIA,123456,Primeiro Acesso
264,272.661.781-28,BÁRBARA JATI ARRAIS RODRIGUES,BÁRBARA,123456,Primeiro Acesso
265,783.516.403-52,AMANDA SILVESTRE FERREIRA,AMANDA,123456,Primeiro Acesso
266,400.843.934-27,GEBERSON HELPIS DA SILVA,GEBERSON,123456,Primeiro Acesso
267,350.151.115-41,FÓRUM DE ARIPUANÃ,FÓRUM,123456,Primeiro Acesso
268,504.956.962-19,ROBHISON DE SOUZA FERREIRA,ROBHISON,123456,Primeiro Acesso
269,738.415.104-30,GILMAR BALBINO DA SILVA,GILMAR,123456,Primeiro Acesso
270,412.323.763-93,MÔNICA DE OLIVEIRA ROCHA,MÔNICA,123456,Primeiro Acesso
271,191.255.128-69,NIVEA ROCHA DE CARVALHO,NIVEA,123456,Primeiro Acesso
272,548.768.998-71,ISADORA MENDES,ISADORA,123456,Primeiro Acesso
273,647.972.662-71,DANIEL PEIXOTO NUNES,DANIEL,123456,Primeiro Acesso
274,309.620.223-39,ALINE ANDRADE MARTINS,ALINE,123456,Primeiro Acesso
275,685.103.761-14,LUZIA PEREZ AGUIRRE,LUZIA,123456,Primeiro Acesso
276,764.973.430-38,MARLENE PEREIRA WRUCK,MARLENE,123456,Primeiro Acesso
277,608.601.507-48,LUANA DA SILVA COSTA,LUANA,123456,Primeiro Acesso
278,309.669.749-21,CAROLINE FERREIRA COSTA,CAROLINE,123456,Primeiro Acesso
279,227.856.733-38,FLÁVIA CARVALHO DOS S. BATISTA,FLÁVIA,123456,Primeiro Acesso
280,501.862.977-26,GABRIELA SORILLA BARBOSA DE ARRUDA,GABRIELA,123456,Primeiro Acesso
281,753.288.411-35,ROSEMBERG FERREIRA RAMOS,ROSEMBERG,123456,Primeiro Acesso
282,515.705.397-19,RENATA FALCÃO PIMENTA,RENATA,123456,Primeiro Acesso
283,349.500.376-89,LUCIVANE MENEZES LIRA,LUCIVANE,123456,Primeiro Acesso
284,205.239.890-20,ADRIELLY GONÇALVES DA COSTA,ADRIELLY,123456,Primeiro Acesso
285,903.138.379-57,FÓRUM DE NOVA XAVANTINA,FÓRUM,123456,Primeiro Acesso
286,400.646.236-23,GABRIELLY GONÇALVES VENTURA,GABRIELLY,123456,Primeiro Acesso
287,805.751.477-94,MARLA DA SILVA,MARLA,123456,Primeiro Acesso
288,782.668.193-21,ROSILENE CAITANO,ROSILENE,123456,Primeiro Acesso
289,553.293.639-74,EVANDRO COSTA DE LIMA,EVANDRO,123456,Primeiro Acesso
290,532.375.294-78,ANTONIO CARLOS DO NASCIMENTO LIMA,ANTONIO,123456,Primeiro Acesso
291,969.406.290-53,JOSE FRANCINELSON CORREIA MORAES,JOSE,123456,Primeiro Acesso
292,371.789.843-91,THICIANNE SANTOS DA SILVA,THICIANNE,123456,Primeiro Acesso
293,359.374.462-38,ANGRA ANTONIA LINHARES DE ARAÚJO,ANGRA,123456,Primeiro Acesso
294,437.917.524-73,BRUNA VINHORTE GOMES,BRUNA,123456,Primeiro Acesso
295,905.179.431-55,FRANCESLAINE DE SOUZA ARAÚJO,FRANCESLAINE,123456,Primeiro Acesso
296,894.129.352-95,WANDER KCENIUK,WANDER,123456,Primeiro Acesso
297,597.541.468-78,SAMUEL BACH,SAMUEL,123456,Primeiro Acesso
298,436.572.992-21,TAÍS ALVES LEAL,TAÍS,123456,Primeiro Acesso
299,110.773.505-36,FÓRUM DE IRANDUBA,FÓRUM,123456,Primeiro Acesso
300,238.668.327-48,SUZANE TERESA MOREIRA,SUZANE,123456,Primeiro Acesso
301,740.466.298-49,ELIVÂNIO MAIA COSTA,ELIVÂNIO,123456,Primeiro Acesso
302,512.640.863-99,ANA LUISA NUNES GARDIN,ANA,123456,Primeiro Acesso
303,864.424.616-99,MYLENA CRISTINA DA SILVA SANTOS,MYLENA,123456,Primeiro Acesso
304,981.752.373-21,BRENDA DE SOUZA GUIMARÃES,BRENDA,123456,Primeiro Acesso
305,268.639.408-42,ERUSHOMEM FONTES DE MENEZES,ERUSHOMEM,123456,Primeiro Acesso
306,319.348.644-39,FRANCISCA ALICE NASCIMENTO RODRIGUES,FRANCISCA,123456,Primeiro Acesso
307,811.518.715-42,CYNDRA LOÍSE FIGUEREDO MELO DA SILVA,CYNDRA,123456,Primeiro Acesso
308,640.538.875-82,MIRIAN FERREIRA MARCOS,MIRIAN,123456,Primeiro Acesso
309,303.896.884-20,NATALY ROQUE ROCHA,NATALY,123456,Primeiro Acesso
310,361.653.420-15,Ana Laura Nogueira Braga,Ana,123456,Primeiro Acesso
311,500.541.245-29,TAIRINE DE SOUZA VIEIRA,TAIRINE,123456,Primeiro Acesso
312,498.936.271-21,LARA LAYSLLA FEITOSA MARTINS,LARA,123456,Primeiro Acesso
313,797.448.599-52,LIDIANE COELHO DE SOUZA,LIDIANE,123456,Primeiro Acesso
314,435.373.321-10,WILLIAN RABETTI DOS SANTOS,WILLIAN,123456,Primeiro Acesso
315,995.456.619-52,CAROLINE MENDES DA SILVA,CAROLINE,123456,Primeiro Acesso
316,709.869.667-69,RAVIGUIANA MACHADO DA SILVA,RAVIGUIANA,123456,Primeiro Acesso
317,156.677.593-87,LUCIMARA ROMÃO,LUCIMARA,123456,Primeiro Acesso
318,147.515.354-59,Antonio Alielson da Silva Rocha,Antonio,123456,Primeiro Acesso
319,812.320.597-49,Cecília Sant’Ana da Mata,Cecília,123456,Primeiro Acesso
320,786.770.545-65,JAQUELINE BRITO DE OLIVEIRA,JAQUELINE,123456,Primeiro Acesso
321,455.122.958-40,ANDRÉ COELHO DE SOUZA,ANDRÉ,123456,Primeiro Acesso
322,728.496.703-44,MISSINEIDE MENDES DE SOUZA,MISSINEIDE,123456,Primeiro Acesso
323,355.917.946-66,JULIANA SOUZA PAVÃO,JULIANA,123456,Primeiro Acesso
324,522.501.228-14,Nayara de Souza Ballerini,Nayara,123456,Primeiro Acesso
325,904.862.232-82,Natan Rabelo de Moraes,Natan,123456,Primeiro Acesso
326,565.911.517-17,Juliana Blasi,Juliana,123456,Primeiro Acesso
327,159.622.664-60,Camila Vider Atanazio,Camila,123456,Primeiro Acesso
328,308.550.599-72,Maria Vagna da Silva,Maria,123456,Primeiro Acesso
329,577.302.599-66,Alana Camargo Tomazini,Alana,123456,Primeiro Acesso
330,987.790.522-40,Katiane Castelo Ferreira,Katiane,123456,Primeiro Acesso
331,844.917.542-94,Déborah Cristina Rocha Sozzo de Barros,Déborah,123456,Primeiro Acesso
332,916.354.897-45,GISELE BEATRIZ CASTILLO DOS SANTOS,GISELE,123456,Primeiro Acesso
333,964.627.514-21,Guilherme Diniz Ribeiro,Guilherme,123456,Primeiro Acesso
334,221.559.702-43,IZADORA PINTO DA COSTA,IZADORA,123456,Primeiro Acesso
335,953.192.983-37,DANYELLY CAETANO MARTINS,DANYELLY,123456,Primeiro Acesso
336,801.568.331-64,GREICY DALSASSO DE OLIVEIRA,GREICY,123456,Primeiro Acesso
337,578.363.138-34,Natacha Neves de Jonas Bastos,Natacha,123456,Primeiro Acesso
338,871.747.894-32,RAFAEL DAMiANI GUENKA,RAFAEL,123456,Primeiro Acesso
339,458.963.277-16,ELIZABETE APARECIDA FIGUEIREDO,ELIZABETE,123456,Primeiro Acesso
340,450.296.313-10,Raquel Dias dos Reis,Raquel,123456,Primeiro Acesso
341,494.925.325-50,DALYLA MARQUES MARAES,DALYLA,123456,Primeiro Acesso
342,743.223.368-42,Moisés de Souza Vaz,Moisés,123456,Primeiro Acesso
343,669.723.225-29,Amanda Yasmin Castro da Costa,Amanda,123456,Primeiro Acesso
344,711.239.698-95,Anna Clara de Almeida Barros,Anna,123456,Primeiro Acesso
345,714.566.371-29,Paula Silva Ribeiro Fontes,Paula,123456,Primeiro Acesso
346,321.160.783-77,HELLEN UCHOA ALVES,HELLEN,123456,Primeiro Acesso
347,338.953.520-17,FORUM DE APUÍ,FORUM,123456,Primeiro Acesso
348,180.542.713-83,JAILANE NOGUEIRA DOS SANTOS,JAILANE,123456,Primeiro Acesso
